<?xml version="1.0"?>

<config xmlns:xsi="http://www.w3.org/2001/XMLSchema-instance" xsi:noNamespaceSchemaLocation="urn:magento:framework:ObjectManager/etc/config.xsd">
    <type name="Magento\Checkout\Block\Checkout\LayoutProcessor">
        <plugin name="checkout_layout"
                type="Dynamic\Postcode\Plugin\LayoutProcessor" sortOrder="1"/>
    </type>
    <!-- <type name="Magento\Checkout\Block\Onepage">
        <arguments>
            <argument name="layoutProcessors" xsi:type="array">
                <item name="postcodeData" xsi:type="object">Dynamic\Postcode\Block\Checkout\PostcodeDataProcessor</item>
            </argument>
        </arguments>
    </type> -->
    <type name="Magento\Checkout\Model\CompositeConfigProvider">
        <arguments>
            <argument name="configProviders" xsi:type="array">
                <item name="make_list_provider" xsi:type="object">Dynamic\Postcode\Model\CheckoutDetailsProvider</item>
            </argument>
        </arguments>
    </type>
</config>